{
	"autojatteet": [
		"jarruosat kuten jarrupalat",
		"led -lamput",
		"halogeenilamput ja hehkulamput", 
		"hitsausjäte", 
		"maalauksen suojapaperit",
		"jarrulevyt",
		"hydrauliset jarrukomponentit",
		"jarrusatulat",
		"pakoputket ja katalysaattorit",
		"tynnyrit", 
		"paloilmaisimet ja termostaatit", 
		"moottorin osat",
		"hihnojen kiristimet ja ohjainrullat",
		"korin alustan osat",
		"tukivarret ja metallirunkoiset kumihelat",
		"kevytmetalli- ja teräsvanteet",
		"aerosolipullot ilman puna-valkoista varoitusmerkkiä",
		"pyyhkijän sulat",
		"jäähdyttimen- ja lämmittimen kennot",
		"sytytys- ja hehkutulpat",
		"musta moottoriöljy",
		"kirkas moottoriöljy",
		"jarruneste",
		"jäähdytinneste",
		"öljynsuodattimet",
		"polttoainesuodattimet",
		"öljynpuhdistusliinat ja -imeytysaineet",
		"öljyllä sotkeutunut pahvi",
		"muoviset voiteluainepurkit",
		"öljykanisterit",
		"öljyn imeytysaineet",
		"öljyä sisältävät trasselit ja imeytysliinat",
		"muu öljyllä pilaantunut jäte",
		"vaihtovirtalaturit",
		"ilmastointikompressorit",
		"vetoakselit",
		"starttimoottorit",
		"jarrusatulat",
		"ohjausvaihteet eli hammastangot",
		"ruiskusuuttimet",
		"varaosapakkaukset",
		"ajoneuvojen muoviset osat",
		"puskurit",
		"alustan pohjasuojat",
		"muut muoviset korinosat",
		"likaiset paperit ja pahvit",
		"puupakkaukset",
		"pakkausmuovit(ei pvc)",
        	"kartongit",
        	"vaatteet",
		"solumuovi(styrox)",
		"moottorin ilmansuodattimet",
		"lattioiden lakaisujäte",
		"hiomapaperit ja -laikat",
		"apulaite- ja jakohihnat",
        	"elintarvike- ja ruokajäte",
		"työhanskat",
        	"siivousjäte ja pölypussit",
        	"raitisilmasuodattimet",
		"käytetyt hygieniatuotteet ja vaipat",
        	"PVC muovit, vain pienet määrät",
		"moottorin ohjainlaitteet",
		"ilmastointikompressorit",
		"laturit ja starttimoottorit",
		"sytytyspuolat",
		"polttoainepumput",
		"radiot ja kaiuttimet",
		"ajovalojen lasit",
		"pyyhkijän moottorit"
	],
	"METALLIT": [
		"jarruosat kuten jarrupalat",
		"jarrulevyt",
		"hydrauliset jarrukomponentit",
		"jarrusatulat",
		"pakoputket ja katalysaattorit",
		"moottorin osat",
		"hihnojen kiristimet ja ohjainrullat",
		"korin alustan osat",
		"tukivarret ja metallirunkoiset kumihelat",
		"kevytmetalli- ja teräsvanteet",
		"aerosolipullot ilman puna-valkoista varoitusmerkkiä",
		"pyyhkijän sulat",
		"tynnyrit", 
		"jäähdyttimen- ja lämmittimen kennot",
		"sytytys- ja hehkutulpat"
	],
	"ÖLJYT JA NESTEET": [
		"musta moottoriöljy",
		"kirkas moottoriöljy",
		"jarruneste",
		"jäähdytinneste"
	],
	"KIINTEÄ ÖLJYINEN": [
		"öljynsuodattimet",
		"polttoainesuodattimet",
		"öljynpuhdistusliinat ja -imeytysaineet",
		"öljyllä sotkeutunut pahvi",
		"muoviset voiteluainepurkit",
		"öljykanisterit",
		"öljyn imeytysaineet",
		"öljyä sisältävät trasselit ja imeytysliinat",
		"muu öljyllä pilaantunut jäte"
	],
	"VAIHTO-OSAT": [
		"vaihtovirtalaturit",
		"ilmastointikompressorit",
		"vetoakselit",
		"starttimoottorit",
		"jarrusatulat",
		"ohjausvaihteet eli hammastangot",
		"ruiskusuuttimet"
	],
	"UUSIO ENERGIA": [
		"varaosapakkaukset",
		"ajoneuvojen muoviset osat",
		"puskurit",
		"alustan pohjasuojat",
		"muut muoviset korinosat",
		"likaiset paperit ja pahvit",
		"puupakkaukset",
		"pakkausmuovit(ei pvc)",
                "kartongit",
                 "vaatteet",
		"solumuovi(styrox)"
	],
	"POLTETTAVA": [
		"lattioiden lakaisujäte",
		"hiomapaperit ja -laikat",
        	"elintarvike- ja ruokajäte",
		"hitsausjäte", 
		"työhanskat",
        	"siivousjäte ja pölypussit",
		"moottorin ilmansuodattimet",
       	 	"raitisilmasuodattimet",
		"käytetyt hygieniatuotteet ja vaipat",
       		"PVC muovit, vain pienet määrät",
		"ajovalojen lasit",
		"maalauksen suojapaperit", 
                "halogeenilamput ja hehkulamput", 
		"apulaite- ja jakohihnat"
	],
	"SER": [
		"moottorin ohjainlaitteet",
		"ilmastointikompressorit",
		"led -lamput",
		"paloilmaisimet ja termostaatit", 
		"laturit ja starttimoottorit",
		"sytytyspuolat",
		"polttoainepumput",
		"radiot ja kaiuttimet",
		"pyyhkijän moottorit"
	]
}