{
	"autojatteet": [
		"jarruosat kuten jarrupalat",
		" jarrulevyt",
		" hydrauliset jarrukomponentit",
		" jarrusatulat",
		"pakoputket ja katalysaattorit",
		"moottorin osat",
		"hihnojen kiristimet ja ohjainrullat",
		"alustan osat",
		"tukivarret ja metallirunkoiset kumihelat",
		"kevytmetalli- ja teräsvanteet",
		"aerosolipullot ilman punavalkosta varoitusmerkkiä",
		"pyyhkijän sulat",
		"jäähdyttimet ja lämmittimen kennot",
		"sytytys- ja hehkutulpat",
		"musta moottoriöljy",
		"kirkas moottoriöljy",
		"jarruneste",
		"jäähdytinneste",
		"öljynsuodattimet",
		"polttoainesuodattimet",
		"öljynpuhdistusliinat ja -imeytysaineet",
		"öljyllä sotkeutunut pahvi",
		"muoviset voiteluainepurkit",
		"öljynsuodattimet",
		"öljykanisterit",
		"öljyn imeytysaineet",
		"öljyä sisältävät trasselit ja imeytysliinat",
		"muu öljyllä pilaantunut jäte",
		"vaihtovirtalaturit",
		"ilmastointikompressorit",
		"vetoakselit",
		"starttimoottorit",
		"jarrusatulat",
		"ohjausvaihteet",
		"ruiskusuuttimet",
		"varaosapakkauksista",
		"ajoneuvojen muoviset osat",
		"puskurit",
		"pohjasuojat",
		"muut muoviset korinosat",
		"likaiset paperit ja pahvit",
		"puupakkaukset",
		"muovit(ei pvc)",
		"solumuovi(styrox)",
		"lattioiden lakaisujäte",
		"hiomapaperit ja -laikat",
		"apulaite- ja jakohihnat",
		"työhanskat",
		"moottorin ilmansuodattimet",
		"käytetyt hygieniatuotteet ja vaipat",
		"apulaite- ja jakohihnat",
		"ohjainlaitteet",
		"ilmastointikompressorit",
		"laturit ja starttimoottorit",
		"voimapaperi",
		"sytytyspuolat",
		"polttoainepumput",
		"radiot ja kaiuttimet",
		"pyyhkijän moottorit"	
	],
	"METALLI": [
		"jarruosat kuten jarrupalat",
		" jarrulevyt",
		" hydrauliset jarrukomponentit",
		" jarrusatulat",
		"pakoputket ja katalysaattorit",
		"moottorin osat",
		"hihnojen kiristimet ja ohjainrullat",
		"alustan osat",
		"tukivarret ja metallirunkoiset kumihelat",
		"kevytmetalli- ja teräsvanteet",
		"aerosolipullot ilman punavalkosta varoitusmerkkiä",
		"pyyhkijän sulat",
		"jäähdyttimet ja lämmittimen kennot",
		"sytytys- ja hehkutulpat"
	],
	"JÄTEÖLJY JARRU- ja JÄÄHDYTINNESTESÄILIÖT": [
		"musta moottoriöljy",
		"kirkas moottoriöljy",
		"jarruneste",
		"jäähdytinneste"
	],
	"KIINTEÄ ÖLJYINEN JÄTE": [
		"öljynsuodattimet",
		"polttoainesuodattimet",
		"öljynpuhdistusliinat ja -imeytysaineet",
		"öljyllä sotkeutunut pahvi",
		"muoviset voiteluainepurkit",
		"öljynsuodattimet",
		"öljykanisterit",
		"öljyn imeytysaineet",
		"öljyä sisältävät trasselit ja imeytysliinat",
		"muu öljyllä pilaantunut jäte"
	],
	"VAIHTO-OSAT": [
		"vaihtovirtalaturit",
		"ilmastointikompressorit",
		"vetoakselit",
		"starttimoottorit",
		"jarrusatulat",
		"ohjausvaihteet",
		"ruiskusuuttimet"
	],
	"ENERGIA- JA POLTETTAVA JÄTE": [
		"varaosapakkauksista",
		"ajoneuvojen muoviset osat",
		"puskurit",
		"pohjasuojat",
		"muut muoviset korinosat",
		"likaiset paperit ja pahvit",
		"puupakkaukset",
		"muovit(ei pvc)",
		"solumuovi(styrox)",
		"lattioiden lakaisujäte",
		"hiomapaperit ja -laikat",
		"apulaite- ja jakohihnat",
		"työhanskat",
		"moottorin ilmansuodattimet",
		"käytetyt hygieniatuotteet ja vaipat",
		"apulaite- ja jakohihnat"
	],
	"SER JÄTE(sähkö ja elektroniikkaromu)": [
		"ohjainlaitteet",
		"ilmastointikompressorit",
		"laturit ja starttimoottorit",
		"voimapaperi",
		"sytytyspuolat",
		"polttoainepumput",
		"radiot ja kaiuttimet",
		"pyyhkijän moottorit"
	]
}