 {
	"kotijatteet": [
		"likaantuneet paperit ja pahvit",
		"hehku- ja halogeenilamput",
		"sulakkeet",
		"siivousjäte",
		"imurin pölypussit",
		"pvc–muovia sisältävät puhallettavat lelut",
		"pvc-muovia sisältävät muovipressut",
		"pvc–muovia sisältävät sadevaatteet",
		"tablettien läpipainopakkaukset",
		"lelu- ja autotarvikepakkaukset",
		"sipsipussit ja kahvipaketit",
		"tuhka ja tupakantumpit",
		"ikkuna- ja peililasi",
		"pyrexlasi",
		"posliini",
		"keramiikka",
		"kristalli",
		"kasetit (VHS- ja C-kasetit)",
		"tulostimien värikasetit",
		"valokuvat ja negatiivit",
		"nahka ja lumput",
		"polkupyörän renkaat",
		"kumiset lelut",
		"rikkinäiset kengät ja vaatteet",
		"kertakäyttövaipat ja terveyssiteet",
		"pienet puuperäiset jätteet",
		"käsipyyhepaperit",
		"tavallinen ja  mineraalipohjainen kissanhiekka",
		"lemmikkieläinten jätökset",
		"säilyketölkit",
		"kotitalouden pienmetalliesineet",
		"metalliset kannet ja korkit",
		"alumiinifoliot ja -vuoat",
		"tuikkujen kuoret",
		"maalipurkit",
		"spraypullot",
		"ikkunalasi ilman karmeja",
		"peili- ja tasolasi",
		"juomalasit",
		"kristalli",
		"muut lasituotteet",
		"opaalilasiset pullot",
		"paistinpannujen ja kattiloiden lasiset kannet",
		"ruoantähteet",
		"pilaantuneet elintarvikkeet",
		"hedelmien- ja vihannestenkuoret",
		"naatit",
		"mehumaijan sakat",
		"kahvin- ja teenporot",
		"käytetyt suodatin- ja teepussit",
		"kananmunankuoret",
		"kalanperkuujätteet",
		"pienet luut",
		"talouspaperi",
		"lautasliinat ja nenäliinat",
		"leikkokukat",
		"huonekasvit ja kasvien pehmeät osat",
		"ruukkukukkien kasviosat",
		"sanoma- ja aikakauslehdet",
		"toimistopaperit",
		"mainospostit",
		"uusiopaperit",
		"kirjekuoret",
		"värilliset kopiopaperit",
		"pehmeäkantiset kirjat",
		"postikortit",
		"kovakantisen kirjan sivut",
		"muovipakkaukset",
		"elintarvikepakkaukset kuten jugurttipurkit",
		"voi-, margariini-, leikkelepakkaukset",
		"muovipussit ja -kääreet",
		"muovipullot, -kanisterit ja -purkit",
		"pesuaine-, shampoo- ja saippuapakkaukset ",
		"styroksipakkaukset",
		"maito- ja mehutölkit",
		"muro- ja keksipaketit",
		"muut kuivien tuotteiden kartonkipakkaukset",
		"pahvilaatikot",
		"pitsalaatikot ja munakennot",
		"wc- ja talouspaperirullien hylsyt",
		"juomien pakkaukset, kuten sixpackit ja salkut",
		"kartonkiset einespakkayukset",
		"kartonkiset takeaway -astiat",
		"kartonkiset kertakäyttöastiat"
	],
	"SEKAJÄTE": [
		"likaantuneet paperit ja pahvit",
		"hehku- ja halogeenilamput",
		"sulakkeet",
		"siivousjäte",
		"imurin pölypussit",
		"pvc–muovia sisältävät puhallettavat lelut",
		"pvc-muovia sisältävät muovipressut",
		"pvc–muovia sisältävät sadevaatteet",
		"tablettien läpipainopakkaukset",
		"lelu- ja autotarvikepakkaukset",
		"sipsipussit ja kahvipaketit",
		"tuhka ja tupakantumpit",
		"ikkuna- ja peililasi",
		"pyrexlasi",
		"posliini",
		"keramiikka",
		"kristalli",
		"kasetit (VHS- ja C-kasetit)",
		"tulostimien värikasetit",
		"valokuvat ja negatiivit",
		"nahka ja lumput",
		"polkupyörän renkaat",
		"kumiset lelut",
		"rikkinäiset kengät ja vaatteet",
		"kertakäyttövaipat ja terveyssiteet",
		"pienet puuperäiset jätteet",
		"käsipyyhepaperit",
		"tavallinen ja  mineraalipohjainen kissanhiekka",
		"lemmikkieläinten jätökset"
	],
	"METALLI": [
		"säilyketölkit",
		"kotitalouden pienmetalliesineet",
		"metalliset kannet ja korkit",
		"alumiinifoliot ja -vuoat",
		"tuikkujen kuoret",
		"maalipurkit",
		"spraypullot"
	],
	"LASI": [
		"ikkunalasi ilman karmeja",
		"peili- ja tasolasi",
		"juomalasit",
		"kristalli",
		"muut lasituotteet",
		"opaalilasiset pullot",
		"paistinpannujen ja kattiloiden lasiset kannet"
	],
	"BIO": [
		"ruoantähteet",
		"pilaantuneet elintarvikkeet",
		"hedelmien- ja vihannestenkuoret",
		"naatit",
		"mehumaijan sakat",
		"kahvin- ja teenporot",
		"käytetyt suodatin- ja teepussit",
		"kananmunankuoret",
		"kalanperkuujätteet",
		"pienet luut",
		"talouspaperi",
		"lautasliinat ja nenäliinat",
		"leikkokukat",
		"huonekasvit ja kasvien pehmeät osat",
		"ruukkukukkien kasviosat"
	],
	"PAPERI": [
		"sanoma- ja aikakauslehdet",
		"toimistopaperit",
		"mainospostit",
		"uusiopaperit",
		"kirjekuoret",
		"värilliset kopiopaperit",
		"pehmeäkantiset kirjat",
		"postikortit",
		"kovakantisen kirjan sivut"
	],
	"MUOVI": [
		"muovipakkaukset",
		"elintarvikepakkaukset kuten jugurttipurkit",
		"voi-, margariini-, leikkelepakkaukset",
		"muovipussit ja -kääreet",
		"muovipullot, -kanisterit ja -purkit",
		"pesuaine-, shampoo- ja saippuapakkaukset ",
		"styroksipakkaukset"
	],
	"KARTONKI": [
		"maito- ja mehutölkit",
		"muro- ja keksipaketit",
		"muut kuivien tuotteiden kartonkipakkaukset",
		"pahvilaatikot",
		"pitsalaatikot ja munakennot",
		"wc- ja talouspaperirullien hylsyt",
		"juomien pakkaukset, kuten sixpackit ja salkut",
		"kartonkiset einespakkayukset",
		"kartonkiset takeaway -astiat",
		"kartonkiset kertakäyttöastiat"
	]
}